INSERT INTO "ADMIN_USERS" ("ID", "EMAIL", "ENCRYPTED_PASSWORD", "RESET_PASSWORD_TOKEN", "RESET_PASSWORD_SENT_AT", "REMEMBER_CREATED_AT", "SIGN_IN_COUNT", "CURRENT_SIGN_IN_AT", "LAST_SIGN_IN_AT", "CURRENT_SIGN_IN_IP", "LAST_SIGN_IN_IP", "CREATED_AT", "UPDATED_AT") VALUES(10000, 'juvenal_brown@bosco.io', '$2a$10$uK9QRddU529gqJag5EVWCex48grKkymdLIBSLxWLecYZKbMzO7YS6', NULL, NULL, NULL, 0, NULL, NULL, NULL, NULL, TO_DATE('2016-05-02 03:50:24','YYYY-MM-DD HH24:MI:SS'), TO_DATE('2016-05-02 03:50:24','YYYY-MM-DD HH24:MI:SS'));
INSERT INTO "ADMIN_USERS" ("ID", "EMAIL", "ENCRYPTED_PASSWORD", "RESET_PASSWORD_TOKEN", "RESET_PASSWORD_SENT_AT", "REMEMBER_CREATED_AT", "SIGN_IN_COUNT", "CURRENT_SIGN_IN_AT", "LAST_SIGN_IN_AT", "CURRENT_SIGN_IN_IP", "LAST_SIGN_IN_IP", "CREATED_AT", "UPDATED_AT") VALUES(10001, 'tara@maggio.biz', '$2a$10$URnyRffu5LI90PtwL8amieEFNd00uvxX5xyzrHnfK.53ZGldvVdUC', NULL, NULL, NULL, 0, NULL, NULL, NULL, NULL, TO_DATE('2016-05-02 03:50:24','YYYY-MM-DD HH24:MI:SS'), TO_DATE('2016-05-02 03:50:24','YYYY-MM-DD HH24:MI:SS'));
INSERT INTO "ADMIN_USERS" ("ID", "EMAIL", "ENCRYPTED_PASSWORD", "RESET_PASSWORD_TOKEN", "RESET_PASSWORD_SENT_AT", "REMEMBER_CREATED_AT", "SIGN_IN_COUNT", "CURRENT_SIGN_IN_AT", "LAST_SIGN_IN_AT", "CURRENT_SIGN_IN_IP", "LAST_SIGN_IN_IP", "CREATED_AT", "UPDATED_AT") VALUES(10002, 'marley@langoshrowe.info', '$2a$10$a.QRgAmsop7hhMtrTr98S.aHK7RbjrLM5kaMl97GgDFsjhO8B0cIW', NULL, NULL, NULL, 0, NULL, NULL, NULL, NULL, TO_DATE('2016-05-02 03:50:24','YYYY-MM-DD HH24:MI:SS'), TO_DATE('2016-05-02 03:50:24','YYYY-MM-DD HH24:MI:SS'));
INSERT INTO "ADMIN_USERS" ("ID", "EMAIL", "ENCRYPTED_PASSWORD", "RESET_PASSWORD_TOKEN", "RESET_PASSWORD_SENT_AT", "REMEMBER_CREATED_AT", "SIGN_IN_COUNT", "CURRENT_SIGN_IN_AT", "LAST_SIGN_IN_AT", "CURRENT_SIGN_IN_IP", "LAST_SIGN_IN_IP", "CREATED_AT", "UPDATED_AT") VALUES(10003, 'kailee@moore.com', '$2a$10$.wHy31jq9w5A2Wo9VBgr4ugBulTkZ1IWAb8tRm0fl8mv3I/UmfcIW', NULL, NULL, NULL, 0, NULL, NULL, NULL, NULL, TO_DATE('2016-05-02 03:50:24','YYYY-MM-DD HH24:MI:SS'), TO_DATE('2016-05-02 03:50:24','YYYY-MM-DD HH24:MI:SS'));
INSERT INTO "ADMIN_USERS" ("ID", "EMAIL", "ENCRYPTED_PASSWORD", "RESET_PASSWORD_TOKEN", "RESET_PASSWORD_SENT_AT", "REMEMBER_CREATED_AT", "SIGN_IN_COUNT", "CURRENT_SIGN_IN_AT", "LAST_SIGN_IN_AT", "CURRENT_SIGN_IN_IP", "LAST_SIGN_IN_IP", "CREATED_AT", "UPDATED_AT") VALUES(10004, 'leslie.bayer@jakubowski.net', '$2a$10$VL1DR.vYmpwoZ6z7tEgbgeUnQ9.KQsNhscwPhDNtIVDZ48cO/usHK', NULL, NULL, NULL, 0, NULL, NULL, NULL, NULL, TO_DATE('2016-05-02 03:50:24','YYYY-MM-DD HH24:MI:SS'), TO_DATE('2016-05-02 03:50:24','YYYY-MM-DD HH24:MI:SS'));

INSERT INTO "CATEGORIES" ("ID", "NAME", "CREATED_AT", "UPDATED_AT", "ADMIN_USER_ID") VALUES(10011, 'Hockey', TO_DATE('2016-05-02 03:52:15','YYYY-MM-DD HH24:MI:SS'), TO_DATE('2016-05-02 03:53:17','YYYY-MM-DD HH24:MI:SS'), 10002);
INSERT INTO "CATEGORIES" ("ID", "NAME", "CREATED_AT", "UPDATED_AT", "ADMIN_USER_ID") VALUES(10012, 'Bax', TO_DATE('2016-05-02 03:52:15','YYYY-MM-DD HH24:MI:SS'), TO_DATE('2016-05-02 03:53:26','YYYY-MM-DD HH24:MI:SS'), 10003);
INSERT INTO "CATEGORIES" ("ID", "NAME", "CREATED_AT", "UPDATED_AT", "ADMIN_USER_ID") VALUES(10013, 'Golf', TO_DATE('2016-05-02 03:52:15','YYYY-MM-DD HH24:MI:SS'), TO_DATE('2016-05-02 03:53:46','YYYY-MM-DD HH24:MI:SS'), 10004);
INSERT INTO "CATEGORIES" ("ID", "NAME", "CREATED_AT", "UPDATED_AT", "ADMIN_USER_ID") VALUES(10009, 'Futbol', TO_DATE('2016-05-02 03:52:15','YYYY-MM-DD HH24:MI:SS'), TO_DATE('2016-05-02 03:52:59','YYYY-MM-DD HH24:MI:SS'), 10000);
INSERT INTO "CATEGORIES" ("ID", "NAME", "CREATED_AT", "UPDATED_AT", "ADMIN_USER_ID") VALUES(10010, 'Basketball', TO_DATE('2016-05-02 03:52:15','YYYY-MM-DD HH24:MI:SS'), TO_DATE('2016-05-02 03:53:09','YYYY-MM-DD HH24:MI:SS'), 10001);

INSERT INTO "EVENTS" ("ID", "CATEGORY_ID", "NAME", "EVENT_TYPE", "EVENT_TIME", "URL_SERVICE", "CREATED_AT", "UPDATED_AT") VALUES(10007, 10011, 'doloribus', 1, TO_DATE('2016-05-06 22:06:09','YYYY-MM-DD HH24:MI:SS'), 'http://veum.info/sonia.bergstrom', TO_DATE('2016-05-02 04:21:52','YYYY-MM-DD HH24:MI:SS'), TO_DATE('2016-05-02 04:21:52','YYYY-MM-DD HH24:MI:SS'));
INSERT INTO "EVENTS" ("ID", "CATEGORY_ID", "NAME", "EVENT_TYPE", "EVENT_TIME", "URL_SERVICE", "CREATED_AT", "UPDATED_AT") VALUES(10008, 10011, 'vel', 1, TO_DATE('2016-05-03 08:12:16','YYYY-MM-DD HH24:MI:SS'), 'http://franecki.name/bernard.ankunding', TO_DATE('2016-05-02 04:21:52','YYYY-MM-DD HH24:MI:SS'), TO_DATE('2016-05-02 04:21:52','YYYY-MM-DD HH24:MI:SS'));
INSERT INTO "EVENTS" ("ID", "CATEGORY_ID", "NAME", "EVENT_TYPE", "EVENT_TIME", "URL_SERVICE", "CREATED_AT", "UPDATED_AT") VALUES(10009, 10011, 'et', 1, TO_DATE('2016-05-04 12:53:43','YYYY-MM-DD HH24:MI:SS'), 'http://ankunding.name/sylvan', TO_DATE('2016-05-02 04:21:52','YYYY-MM-DD HH24:MI:SS'), TO_DATE('2016-05-02 04:21:52','YYYY-MM-DD HH24:MI:SS'));
INSERT INTO "EVENTS" ("ID", "CATEGORY_ID", "NAME", "EVENT_TYPE", "EVENT_TIME", "URL_SERVICE", "CREATED_AT", "UPDATED_AT") VALUES(10010, 10011, 'delectus', 1, TO_DATE('2016-05-05 12:34:38','YYYY-MM-DD HH24:MI:SS'), 'http://corwin.info/nils_conn', TO_DATE('2016-05-02 04:21:52','YYYY-MM-DD HH24:MI:SS'), TO_DATE('2016-05-02 04:21:52','YYYY-MM-DD HH24:MI:SS'));
INSERT INTO "EVENTS" ("ID", "CATEGORY_ID", "NAME", "EVENT_TYPE", "EVENT_TIME", "URL_SERVICE", "CREATED_AT", "UPDATED_AT") VALUES(10011, 10011, 'suscipit', 1, TO_DATE('2016-05-06 20:44:28','YYYY-MM-DD HH24:MI:SS'), 'http://simonis.org/herminio_okeefe', TO_DATE('2016-05-02 04:21:52','YYYY-MM-DD HH24:MI:SS'), TO_DATE('2016-05-02 04:21:52','YYYY-MM-DD HH24:MI:SS'));
INSERT INTO "EVENTS" ("ID", "CATEGORY_ID", "NAME", "EVENT_TYPE", "EVENT_TIME", "URL_SERVICE", "CREATED_AT", "UPDATED_AT") VALUES(10005, 10011, 'tempore', 1, TO_DATE('2016-05-05 16:42:33','YYYY-MM-DD HH24:MI:SS'), 'http://swift.net/jeie', TO_DATE('2016-05-02 04:21:52','YYYY-MM-DD HH24:MI:SS'), TO_DATE('2016-05-02 04:21:52','YYYY-MM-DD HH24:MI:SS'));
INSERT INTO "EVENTS" ("ID", "CATEGORY_ID", "NAME", "EVENT_TYPE", "EVENT_TIME", "URL_SERVICE", "CREATED_AT", "UPDATED_AT") VALUES(10006, 10011, 'temporibus', 1, TO_DATE('2016-05-03 05:22:05','YYYY-MM-DD HH24:MI:SS'), 'http://dietrich.biz/allene', TO_DATE('2016-05-02 04:21:52','YYYY-MM-DD HH24:MI:SS'), TO_DATE('2016-05-02 04:21:52','YYYY-MM-DD HH24:MI:SS'));
INSERT INTO "EVENTS" ("ID", "CATEGORY_ID", "NAME", "EVENT_TYPE", "EVENT_TIME", "URL_SERVICE", "CREATED_AT", "UPDATED_AT") VALUES(10012, 10011, 'quisquam', 1, TO_DATE('2016-05-02 23:17:55','YYYY-MM-DD HH24:MI:SS'), 'http://feil.name/hillary.windler', TO_DATE('2016-05-02 04:21:52','YYYY-MM-DD HH24:MI:SS'), TO_DATE('2016-05-02 04:21:52','YYYY-MM-DD HH24:MI:SS'));
INSERT INTO "EVENTS" ("ID", "CATEGORY_ID", "NAME", "EVENT_TYPE", "EVENT_TIME", "URL_SERVICE", "CREATED_AT", "UPDATED_AT") VALUES(10013, 10011, 'est', 1, TO_DATE('2016-05-01 22:48:13','YYYY-MM-DD HH24:MI:SS'), 'http://conroy.co/ryann', TO_DATE('2016-05-02 04:21:52','YYYY-MM-DD HH24:MI:SS'), TO_DATE('2016-05-02 04:21:52','YYYY-MM-DD HH24:MI:SS'));
INSERT INTO "EVENTS" ("ID", "CATEGORY_ID", "NAME", "EVENT_TYPE", "EVENT_TIME", "URL_SERVICE", "CREATED_AT", "UPDATED_AT") VALUES(10014, 10011, 'omnis', 1, TO_DATE('2016-05-08 03:32:46','YYYY-MM-DD HH24:MI:SS'), 'http://wunschlarkin.com/macy', TO_DATE('2016-05-02 04:21:52','YYYY-MM-DD HH24:MI:SS'), TO_DATE('2016-05-02 04:21:52','YYYY-MM-DD HH24:MI:SS'));
INSERT INTO "EVENTS" ("ID", "CATEGORY_ID", "NAME", "EVENT_TYPE", "EVENT_TIME", "URL_SERVICE", "CREATED_AT", "UPDATED_AT") VALUES(10015, 10012, 'non', 1, TO_DATE('2016-05-06 01:10:36','YYYY-MM-DD HH24:MI:SS'), 'http://shieldsmraz.info/darien_torphy', TO_DATE('2016-05-02 04:21:52','YYYY-MM-DD HH24:MI:SS'), TO_DATE('2016-05-02 04:21:52','YYYY-MM-DD HH24:MI:SS'));
INSERT INTO "EVENTS" ("ID", "CATEGORY_ID", "NAME", "EVENT_TYPE", "EVENT_TIME", "URL_SERVICE", "CREATED_AT", "UPDATED_AT") VALUES(10016, 10012, 'reiciendis', 1, TO_DATE('2016-05-07 19:13:47','YYYY-MM-DD HH24:MI:SS'), 'http://tromp.org/vinnie', TO_DATE('2016-05-02 04:21:52','YYYY-MM-DD HH24:MI:SS'), TO_DATE('2016-05-02 04:21:52','YYYY-MM-DD HH24:MI:SS'));
INSERT INTO "EVENTS" ("ID", "CATEGORY_ID", "NAME", "EVENT_TYPE", "EVENT_TIME", "URL_SERVICE", "CREATED_AT", "UPDATED_AT") VALUES(10017, 10012, 'aperiam', 1, TO_DATE('2016-05-05 12:35:48','YYYY-MM-DD HH24:MI:SS'), 'http://robeljohns.name/dixie.pfeffer', TO_DATE('2016-05-02 04:21:52','YYYY-MM-DD HH24:MI:SS'), TO_DATE('2016-05-02 04:21:52','YYYY-MM-DD HH24:MI:SS'));
INSERT INTO "EVENTS" ("ID", "CATEGORY_ID", "NAME", "EVENT_TYPE", "EVENT_TIME", "URL_SERVICE", "CREATED_AT", "UPDATED_AT") VALUES(10018, 10012, 'consequatur', 1, TO_DATE('2016-05-01 20:51:01','YYYY-MM-DD HH24:MI:SS'), 'http://durganpredovic.io/garry', TO_DATE('2016-05-02 04:21:52','YYYY-MM-DD HH24:MI:SS'), TO_DATE('2016-05-02 04:21:52','YYYY-MM-DD HH24:MI:SS'));
INSERT INTO "EVENTS" ("ID", "CATEGORY_ID", "NAME", "EVENT_TYPE", "EVENT_TIME", "URL_SERVICE", "CREATED_AT", "UPDATED_AT") VALUES(10019, 10012, 'sint', 1, TO_DATE('2016-05-03 17:20:14','YYYY-MM-DD HH24:MI:SS'), 'http://schimmel.com/ryann_walsh', TO_DATE('2016-05-02 04:21:52','YYYY-MM-DD HH24:MI:SS'), TO_DATE('2016-05-02 04:21:52','YYYY-MM-DD HH24:MI:SS'));
INSERT INTO "EVENTS" ("ID", "CATEGORY_ID", "NAME", "EVENT_TYPE", "EVENT_TIME", "URL_SERVICE", "CREATED_AT", "UPDATED_AT") VALUES(10020, 10012, 'aut', 1, TO_DATE('2016-05-05 11:01:56','YYYY-MM-DD HH24:MI:SS'), 'http://reichel.io/modesto_jacobi', TO_DATE('2016-05-02 04:21:52','YYYY-MM-DD HH24:MI:SS'), TO_DATE('2016-05-02 04:21:52','YYYY-MM-DD HH24:MI:SS'));
INSERT INTO "EVENTS" ("ID", "CATEGORY_ID", "NAME", "EVENT_TYPE", "EVENT_TIME", "URL_SERVICE", "CREATED_AT", "UPDATED_AT") VALUES(10021, 10012, 'sed', 1, TO_DATE('2016-05-03 19:47:47','YYYY-MM-DD HH24:MI:SS'), 'http://mcculloughtowne.io/abdiel', TO_DATE('2016-05-02 04:21:52','YYYY-MM-DD HH24:MI:SS'), TO_DATE('2016-05-02 04:21:52','YYYY-MM-DD HH24:MI:SS'));
INSERT INTO "EVENTS" ("ID", "CATEGORY_ID", "NAME", "EVENT_TYPE", "EVENT_TIME", "URL_SERVICE", "CREATED_AT", "UPDATED_AT") VALUES(10022, 10012, 'omnis', 1, TO_DATE('2016-05-03 08:40:40','YYYY-MM-DD HH24:MI:SS'), 'http://predovicleuschke.org/cade_leuschke', TO_DATE('2016-05-02 04:21:52','YYYY-MM-DD HH24:MI:SS'), TO_DATE('2016-05-02 04:21:52','YYYY-MM-DD HH24:MI:SS'));
INSERT INTO "EVENTS" ("ID", "CATEGORY_ID", "NAME", "EVENT_TYPE", "EVENT_TIME", "URL_SERVICE", "CREATED_AT", "UPDATED_AT") VALUES(10023, 10012, 'cum', 1, TO_DATE('2016-05-03 06:21:47','YYYY-MM-DD HH24:MI:SS'), 'http://friesenokuneva.biz/jack', TO_DATE('2016-05-02 04:21:52','YYYY-MM-DD HH24:MI:SS'), TO_DATE('2016-05-02 04:21:52','YYYY-MM-DD HH24:MI:SS'));
INSERT INTO "EVENTS" ("ID", "CATEGORY_ID", "NAME", "EVENT_TYPE", "EVENT_TIME", "URL_SERVICE", "CREATED_AT", "UPDATED_AT") VALUES(10024, 10012, 'tenetur', 1, TO_DATE('2016-05-06 06:36:05','YYYY-MM-DD HH24:MI:SS'), 'http://kshlerin.info/okey.schumm', TO_DATE('2016-05-02 04:21:52','YYYY-MM-DD HH24:MI:SS'), TO_DATE('2016-05-02 04:21:52','YYYY-MM-DD HH24:MI:SS'));
INSERT INTO "EVENTS" ("ID", "CATEGORY_ID", "NAME", "EVENT_TYPE", "EVENT_TIME", "URL_SERVICE", "CREATED_AT", "UPDATED_AT") VALUES(10025, 10013, 'illum', 1, TO_DATE('2016-05-07 05:35:12','YYYY-MM-DD HH24:MI:SS'), 'http://bruen.info/tristin.rohan', TO_DATE('2016-05-02 04:21:52','YYYY-MM-DD HH24:MI:SS'), TO_DATE('2016-05-02 04:21:52','YYYY-MM-DD HH24:MI:SS'));
INSERT INTO "EVENTS" ("ID", "CATEGORY_ID", "NAME", "EVENT_TYPE", "EVENT_TIME", "URL_SERVICE", "CREATED_AT", "UPDATED_AT") VALUES(10026, 10013, 'qui', 1, TO_DATE('2016-05-02 22:18:43','YYYY-MM-DD HH24:MI:SS'), 'http://walsh.io/niko_yost', TO_DATE('2016-05-02 04:21:52','YYYY-MM-DD HH24:MI:SS'), TO_DATE('2016-05-02 04:21:52','YYYY-MM-DD HH24:MI:SS'));
INSERT INTO "EVENTS" ("ID", "CATEGORY_ID", "NAME", "EVENT_TYPE", "EVENT_TIME", "URL_SERVICE", "CREATED_AT", "UPDATED_AT") VALUES(10027, 10013, 'illum', 1, TO_DATE('2016-05-03 22:19:19','YYYY-MM-DD HH24:MI:SS'), 'http://ratkeschaefer.biz/darius', TO_DATE('2016-05-02 04:21:52','YYYY-MM-DD HH24:MI:SS'), TO_DATE('2016-05-02 04:21:52','YYYY-MM-DD HH24:MI:SS'));
INSERT INTO "EVENTS" ("ID", "CATEGORY_ID", "NAME", "EVENT_TYPE", "EVENT_TIME", "URL_SERVICE", "CREATED_AT", "UPDATED_AT") VALUES(10028, 10013, 'debitis', 1, TO_DATE('2016-05-04 04:06:24','YYYY-MM-DD HH24:MI:SS'), 'http://gerlach.info/whitney', TO_DATE('2016-05-02 04:21:52','YYYY-MM-DD HH24:MI:SS'), TO_DATE('2016-05-02 04:21:52','YYYY-MM-DD HH24:MI:SS'));
INSERT INTO "EVENTS" ("ID", "CATEGORY_ID", "NAME", "EVENT_TYPE", "EVENT_TIME", "URL_SERVICE", "CREATED_AT", "UPDATED_AT") VALUES(10029, 10013, 'voluptates', 1, TO_DATE('2016-05-07 18:36:35','YYYY-MM-DD HH24:MI:SS'), 'http://rodriguezhermann.name/cheyanne.armstrong', TO_DATE('2016-05-02 04:21:52','YYYY-MM-DD HH24:MI:SS'), TO_DATE('2016-05-02 04:21:52','YYYY-MM-DD HH24:MI:SS'));
INSERT INTO "EVENTS" ("ID", "CATEGORY_ID", "NAME", "EVENT_TYPE", "EVENT_TIME", "URL_SERVICE", "CREATED_AT", "UPDATED_AT") VALUES(10030, 10013, 'officia', 1, TO_DATE('2016-05-07 10:51:37','YYYY-MM-DD HH24:MI:SS'), 'http://wolf.name/leonora', TO_DATE('2016-05-02 04:21:52','YYYY-MM-DD HH24:MI:SS'), TO_DATE('2016-05-02 04:21:52','YYYY-MM-DD HH24:MI:SS'));
INSERT INTO "EVENTS" ("ID", "CATEGORY_ID", "NAME", "EVENT_TYPE", "EVENT_TIME", "URL_SERVICE", "CREATED_AT", "UPDATED_AT") VALUES(10031, 10013, 'aut', 1, TO_DATE('2016-05-03 05:03:01','YYYY-MM-DD HH24:MI:SS'), 'http://gleason.info/gennaro', TO_DATE('2016-05-02 04:21:52','YYYY-MM-DD HH24:MI:SS'), TO_DATE('2016-05-02 04:21:52','YYYY-MM-DD HH24:MI:SS'));
INSERT INTO "EVENTS" ("ID", "CATEGORY_ID", "NAME", "EVENT_TYPE", "EVENT_TIME", "URL_SERVICE", "CREATED_AT", "UPDATED_AT") VALUES(10032, 10013, 'temporibus', 1, TO_DATE('2016-05-01 14:54:52','YYYY-MM-DD HH24:MI:SS'), 'http://denesikbeatty.co/sigrid', TO_DATE('2016-05-02 04:21:52','YYYY-MM-DD HH24:MI:SS'), TO_DATE('2016-05-02 04:21:52','YYYY-MM-DD HH24:MI:SS'));
INSERT INTO "EVENTS" ("ID", "CATEGORY_ID", "NAME", "EVENT_TYPE", "EVENT_TIME", "URL_SERVICE", "CREATED_AT", "UPDATED_AT") VALUES(10033, 10013, 'recusandae', 1, TO_DATE('2016-05-06 20:06:41','YYYY-MM-DD HH24:MI:SS'), 'http://armstrong.net/blaze.von', TO_DATE('2016-05-02 04:21:52','YYYY-MM-DD HH24:MI:SS'), TO_DATE('2016-05-02 04:21:52','YYYY-MM-DD HH24:MI:SS'));
INSERT INTO "EVENTS" ("ID", "CATEGORY_ID", "NAME", "EVENT_TYPE", "EVENT_TIME", "URL_SERVICE", "CREATED_AT", "UPDATED_AT") VALUES(10034, 10013, 'repellendus', 1, TO_DATE('2016-05-02 07:47:31','YYYY-MM-DD HH24:MI:SS'), 'http://binsnolan.name/anabel_larkin', TO_DATE('2016-05-02 04:21:52','YYYY-MM-DD HH24:MI:SS'), TO_DATE('2016-05-02 04:21:52','YYYY-MM-DD HH24:MI:SS'));
INSERT INTO "EVENTS" ("ID", "CATEGORY_ID", "NAME", "EVENT_TYPE", "EVENT_TIME", "URL_SERVICE", "CREATED_AT", "UPDATED_AT") VALUES(10035, 10009, 'soluta', 1, TO_DATE('2016-05-07 20:17:21','YYYY-MM-DD HH24:MI:SS'), 'http://kuhicweinat.io/katelynn', TO_DATE('2016-05-02 04:21:52','YYYY-MM-DD HH24:MI:SS'), TO_DATE('2016-05-02 04:21:52','YYYY-MM-DD HH24:MI:SS'));
INSERT INTO "EVENTS" ("ID", "CATEGORY_ID", "NAME", "EVENT_TYPE", "EVENT_TIME", "URL_SERVICE", "CREATED_AT", "UPDATED_AT") VALUES(10036, 10009, 'error', 1, TO_DATE('2016-05-07 11:25:17','YYYY-MM-DD HH24:MI:SS'), 'http://dietrich.io/chesley_boyer', TO_DATE('2016-05-02 04:21:52','YYYY-MM-DD HH24:MI:SS'), TO_DATE('2016-05-02 04:21:52','YYYY-MM-DD HH24:MI:SS'));
INSERT INTO "EVENTS" ("ID", "CATEGORY_ID", "NAME", "EVENT_TYPE", "EVENT_TIME", "URL_SERVICE", "CREATED_AT", "UPDATED_AT") VALUES(10037, 10009, 'alias', 1, TO_DATE('2016-05-07 14:52:14','YYYY-MM-DD HH24:MI:SS'), 'http://torppurdy.com/leland', TO_DATE('2016-05-02 04:21:52','YYYY-MM-DD HH24:MI:SS'), TO_DATE('2016-05-02 04:21:52','YYYY-MM-DD HH24:MI:SS'));
INSERT INTO "EVENTS" ("ID", "CATEGORY_ID", "NAME", "EVENT_TYPE", "EVENT_TIME", "URL_SERVICE", "CREATED_AT", "UPDATED_AT") VALUES(10038, 10009, 'facilis', 1, TO_DATE('2016-05-05 12:26:26','YYYY-MM-DD HH24:MI:SS'), 'http://marquardt.net/hellen', TO_DATE('2016-05-02 04:21:52','YYYY-MM-DD HH24:MI:SS'), TO_DATE('2016-05-02 04:21:52','YYYY-MM-DD HH24:MI:SS'));
INSERT INTO "EVENTS" ("ID", "CATEGORY_ID", "NAME", "EVENT_TYPE", "EVENT_TIME", "URL_SERVICE", "CREATED_AT", "UPDATED_AT") VALUES(10039, 10009, 'recusandae', 1, TO_DATE('2016-05-02 08:26:28','YYYY-MM-DD HH24:MI:SS'), 'http://mayer.net/adela', TO_DATE('2016-05-02 04:21:52','YYYY-MM-DD HH24:MI:SS'), TO_DATE('2016-05-02 04:21:52','YYYY-MM-DD HH24:MI:SS'));
INSERT INTO "EVENTS" ("ID", "CATEGORY_ID", "NAME", "EVENT_TYPE", "EVENT_TIME", "URL_SERVICE", "CREATED_AT", "UPDATED_AT") VALUES(10040, 10009, 'consequatur', 1, TO_DATE('2016-05-02 12:01:48','YYYY-MM-DD HH24:MI:SS'), 'http://murphy.name/georgiana', TO_DATE('2016-05-02 04:21:52','YYYY-MM-DD HH24:MI:SS'), TO_DATE('2016-05-02 04:21:52','YYYY-MM-DD HH24:MI:SS'));
INSERT INTO "EVENTS" ("ID", "CATEGORY_ID", "NAME", "EVENT_TYPE", "EVENT_TIME", "URL_SERVICE", "CREATED_AT", "UPDATED_AT") VALUES(10041, 10009, 'eligendi', 1, TO_DATE('2016-05-05 21:18:30','YYYY-MM-DD HH24:MI:SS'), 'http://moenjacobi.com/euna.haag', TO_DATE('2016-05-02 04:21:52','YYYY-MM-DD HH24:MI:SS'), TO_DATE('2016-05-02 04:21:52','YYYY-MM-DD HH24:MI:SS'));
INSERT INTO "EVENTS" ("ID", "CATEGORY_ID", "NAME", "EVENT_TYPE", "EVENT_TIME", "URL_SERVICE", "CREATED_AT", "UPDATED_AT") VALUES(10042, 10009, 'similique', 1, TO_DATE('2016-05-03 23:03:48','YYYY-MM-DD HH24:MI:SS'), 'http://pollichschamberger.org/araceli', TO_DATE('2016-05-02 04:21:52','YYYY-MM-DD HH24:MI:SS'), TO_DATE('2016-05-02 04:21:52','YYYY-MM-DD HH24:MI:SS'));
INSERT INTO "EVENTS" ("ID", "CATEGORY_ID", "NAME", "EVENT_TYPE", "EVENT_TIME", "URL_SERVICE", "CREATED_AT", "UPDATED_AT") VALUES(10043, 10009, 'corrupti', 1, TO_DATE('2016-05-01 21:45:28','YYYY-MM-DD HH24:MI:SS'), 'http://rempel.org/heidi_nienow', TO_DATE('2016-05-02 04:21:52','YYYY-MM-DD HH24:MI:SS'), TO_DATE('2016-05-02 04:21:52','YYYY-MM-DD HH24:MI:SS'));
INSERT INTO "EVENTS" ("ID", "CATEGORY_ID", "NAME", "EVENT_TYPE", "EVENT_TIME", "URL_SERVICE", "CREATED_AT", "UPDATED_AT") VALUES(10044, 10009, 'in', 1, TO_DATE('2016-05-04 21:22:25','YYYY-MM-DD HH24:MI:SS'), 'http://weber.org/morgan_prohaska', TO_DATE('2016-05-02 04:21:52','YYYY-MM-DD HH24:MI:SS'), TO_DATE('2016-05-02 04:21:52','YYYY-MM-DD HH24:MI:SS'));
INSERT INTO "EVENTS" ("ID", "CATEGORY_ID", "NAME", "EVENT_TYPE", "EVENT_TIME", "URL_SERVICE", "CREATED_AT", "UPDATED_AT") VALUES(10045, 10010, 'praesentium', 1, TO_DATE('2016-05-04 09:56:40','YYYY-MM-DD HH24:MI:SS'), 'http://reilly.biz/nyasia', TO_DATE('2016-05-02 04:21:52','YYYY-MM-DD HH24:MI:SS'), TO_DATE('2016-05-02 04:21:52','YYYY-MM-DD HH24:MI:SS'));
INSERT INTO "EVENTS" ("ID", "CATEGORY_ID", "NAME", "EVENT_TYPE", "EVENT_TIME", "URL_SERVICE", "CREATED_AT", "UPDATED_AT") VALUES(10046, 10010, 'dolor', 1, TO_DATE('2016-05-02 02:30:11','YYYY-MM-DD HH24:MI:SS'), 'http://beer.co/jarrell', TO_DATE('2016-05-02 04:21:52','YYYY-MM-DD HH24:MI:SS'), TO_DATE('2016-05-02 04:21:52','YYYY-MM-DD HH24:MI:SS'));
INSERT INTO "EVENTS" ("ID", "CATEGORY_ID", "NAME", "EVENT_TYPE", "EVENT_TIME", "URL_SERVICE", "CREATED_AT", "UPDATED_AT") VALUES(10047, 10010, 'odio', 1, TO_DATE('2016-05-05 06:49:58','YYYY-MM-DD HH24:MI:SS'), 'http://champlin.biz/hans.prohaska', TO_DATE('2016-05-02 04:21:52','YYYY-MM-DD HH24:MI:SS'), TO_DATE('2016-05-02 04:21:52','YYYY-MM-DD HH24:MI:SS'));
INSERT INTO "EVENTS" ("ID", "CATEGORY_ID", "NAME", "EVENT_TYPE", "EVENT_TIME", "URL_SERVICE", "CREATED_AT", "UPDATED_AT") VALUES(10048, 10010, 'omnis', 1, TO_DATE('2016-05-07 00:51:43','YYYY-MM-DD HH24:MI:SS'), 'http://hartmann.io/don.johns', TO_DATE('2016-05-02 04:21:52','YYYY-MM-DD HH24:MI:SS'), TO_DATE('2016-05-02 04:21:52','YYYY-MM-DD HH24:MI:SS'));
INSERT INTO "EVENTS" ("ID", "CATEGORY_ID", "NAME", "EVENT_TYPE", "EVENT_TIME", "URL_SERVICE", "CREATED_AT", "UPDATED_AT") VALUES(10049, 10010, 'eius', 1, TO_DATE('2016-05-02 16:17:47','YYYY-MM-DD HH24:MI:SS'), 'http://zulaufgrady.co/jakayla', TO_DATE('2016-05-02 04:21:52','YYYY-MM-DD HH24:MI:SS'), TO_DATE('2016-05-02 04:21:52','YYYY-MM-DD HH24:MI:SS'));
INSERT INTO "EVENTS" ("ID", "CATEGORY_ID", "NAME", "EVENT_TYPE", "EVENT_TIME", "URL_SERVICE", "CREATED_AT", "UPDATED_AT") VALUES(10050, 10010, 'cum', 1, TO_DATE('2016-05-07 06:54:45','YYYY-MM-DD HH24:MI:SS'), 'http://hahnrath.io/reagan', TO_DATE('2016-05-02 04:21:52','YYYY-MM-DD HH24:MI:SS'), TO_DATE('2016-05-02 04:21:52','YYYY-MM-DD HH24:MI:SS'));
INSERT INTO "EVENTS" ("ID", "CATEGORY_ID", "NAME", "EVENT_TYPE", "EVENT_TIME", "URL_SERVICE", "CREATED_AT", "UPDATED_AT") VALUES(10051, 10010, 'dolores', 1, TO_DATE('2016-05-03 12:35:20','YYYY-MM-DD HH24:MI:SS'), 'http://baumbach.co/chanel.kertzmann', TO_DATE('2016-05-02 04:21:52','YYYY-MM-DD HH24:MI:SS'), TO_DATE('2016-05-02 04:21:52','YYYY-MM-DD HH24:MI:SS'));
INSERT INTO "EVENTS" ("ID", "CATEGORY_ID", "NAME", "EVENT_TYPE", "EVENT_TIME", "URL_SERVICE", "CREATED_AT", "UPDATED_AT") VALUES(10052, 10010, 'provident', 1, TO_DATE('2016-05-03 11:15:23','YYYY-MM-DD HH24:MI:SS'), 'http://carteremard.net/hollis_beahan', TO_DATE('2016-05-02 04:21:52','YYYY-MM-DD HH24:MI:SS'), TO_DATE('2016-05-02 04:21:52','YYYY-MM-DD HH24:MI:SS'));
INSERT INTO "EVENTS" ("ID", "CATEGORY_ID", "NAME", "EVENT_TYPE", "EVENT_TIME", "URL_SERVICE", "CREATED_AT", "UPDATED_AT") VALUES(10053, 10010, 'enim', 1, TO_DATE('2016-05-05 02:23:44','YYYY-MM-DD HH24:MI:SS'), 'http://flatleyroob.co/ethan.runolfon', TO_DATE('2016-05-02 04:21:52','YYYY-MM-DD HH24:MI:SS'), TO_DATE('2016-05-02 04:21:52','YYYY-MM-DD HH24:MI:SS'));
INSERT INTO "EVENTS" ("ID", "CATEGORY_ID", "NAME", "EVENT_TYPE", "EVENT_TIME", "URL_SERVICE", "CREATED_AT", "UPDATED_AT") VALUES(10054, 10010, 'et', 1, TO_DATE('2016-05-05 08:34:40','YYYY-MM-DD HH24:MI:SS'), 'http://mcculloughharber.biz/meghan', TO_DATE('2016-05-02 04:21:52','YYYY-MM-DD HH24:MI:SS'), TO_DATE('2016-05-02 04:21:52','YYYY-MM-DD HH24:MI:SS'));

INSERT INTO "NEWS" ("ID", "TITLE", "TEXT", "DATE_PUBLISH", "ADMIN_USER_ID", "CREATED_AT", "UPDATED_AT") VALUES(10000, 'necessitatibus', 'Est laboriosam voluptatem itaque nostrum nam aut consequatur. Quidem sunt distinctio asperiores. Tempore optio est tempora.', TO_DATE('2016-05-01 20:27:12','YYYY-MM-DD HH24:MI:SS'), 10000, TO_DATE('2016-05-02 04:01:48','YYYY-MM-DD HH24:MI:SS'), TO_DATE('2016-05-02 04:01:48','YYYY-MM-DD HH24:MI:SS'));
INSERT INTO "NEWS" ("ID", "TITLE", "TEXT", "DATE_PUBLISH", "ADMIN_USER_ID", "CREATED_AT", "UPDATED_AT") VALUES(10001, 'voluptatem', 'Eos sit accusamus. Et culpa veniam unde totam. Aut est voluptatum voluptas omnis. Nesciunt alias ullam. Autem quam nisi officiis.', TO_DATE('2016-05-01 12:39:37','YYYY-MM-DD HH24:MI:SS'), 10001, TO_DATE('2016-05-02 04:01:48','YYYY-MM-DD HH24:MI:SS'), TO_DATE('2016-05-02 04:01:48','YYYY-MM-DD HH24:MI:SS'));
INSERT INTO "NEWS" ("ID", "TITLE", "TEXT", "DATE_PUBLISH", "ADMIN_USER_ID", "CREATED_AT", "UPDATED_AT") VALUES(10002, 'itaque', 'Magnam deserunt perferendis ut. Non quia placeat et. Qui porro tenetur non adipisci. Facere rem totam aperiam. Et aliquid ab corporis quis et et.', TO_DATE('2016-05-08 03:38:27','YYYY-MM-DD HH24:MI:SS'), 10002, TO_DATE('2016-05-02 04:01:48','YYYY-MM-DD HH24:MI:SS'), TO_DATE('2016-05-02 04:01:48','YYYY-MM-DD HH24:MI:SS'));
INSERT INTO "NEWS" ("ID", "TITLE", "TEXT", "DATE_PUBLISH", "ADMIN_USER_ID", "CREATED_AT", "UPDATED_AT") VALUES(10003, 'praesentium', 'Et facilis asperiores laborum commodi sit eos. Quasi nobis optio commodi sint ut. Est rerum deleniti sed. Illum et ut odio quia enim dolorem voluptatibus. Debitis nisi dolores sed ex aut.', TO_DATE('2016-05-02 09:34:39','YYYY-MM-DD HH24:MI:SS'), 10003, TO_DATE('2016-05-02 04:01:48','YYYY-MM-DD HH24:MI:SS'), TO_DATE('2016-05-02 04:01:48','YYYY-MM-DD HH24:MI:SS'));
INSERT INTO "NEWS" ("ID", "TITLE", "TEXT", "DATE_PUBLISH", "ADMIN_USER_ID", "CREATED_AT", "UPDATED_AT") VALUES(10004, 'alias', 'Nulla eveniet dolor in aliquid nostrum quas blanditiis. Sint assumenda molestiae ut rem. Et debitis consequatur est itaque dolor occaecati.', TO_DATE('2016-05-01 17:38:38','YYYY-MM-DD HH24:MI:SS'), 10004, TO_DATE('2016-05-02 04:01:48','YYYY-MM-DD HH24:MI:SS'), TO_DATE('2016-05-02 04:01:48','YYYY-MM-DD HH24:MI:SS'));

INSERT INTO "USERS" ("ID", "EMAIL", "ENCRYPTED_PASSWORD", "RESET_PASSWORD_TOKEN", "RESET_PASSWORD_SENT_AT", "REMEMBER_CREATED_AT", "SIGN_IN_COUNT", "CURRENT_SIGN_IN_AT", "LAST_SIGN_IN_AT", "CURRENT_SIGN_IN_IP", "LAST_SIGN_IN_IP", "CREATED_AT", "UPDATED_AT", "NAME") VALUES(10000, 'chelsea@ricehickle.net', '$2a$10$kE1Fuq4L2s6A.kNo2nxRLeEZQf51zm5smHDeiKjFJ0rwVR34SO3j.', NULL, NULL, NULL, 0, NULL, NULL, NULL, NULL, TO_DATE('2016-05-02 04:11:09','YYYY-MM-DD HH24:MI:SS'), TO_DATE('2016-05-02 04:11:09','YYYY-MM-DD HH24:MI:SS'), 'Mr. Helena Roberts');
INSERT INTO "USERS" ("ID", "EMAIL", "ENCRYPTED_PASSWORD", "RESET_PASSWORD_TOKEN", "RESET_PASSWORD_SENT_AT", "REMEMBER_CREATED_AT", "SIGN_IN_COUNT", "CURRENT_SIGN_IN_AT", "LAST_SIGN_IN_AT", "CURRENT_SIGN_IN_IP", "LAST_SIGN_IN_IP", "CREATED_AT", "UPDATED_AT", "NAME") VALUES(10001, 'sydni.buckridge@marvin.org', '$2a$10$H877RDjsUjqoHyWsm53Jm.uQYldMEV0b7RtFfATbRWyS5TiFjaI4m', NULL, NULL, NULL, 0, NULL, NULL, NULL, NULL, TO_DATE('2016-05-02 04:11:09','YYYY-MM-DD HH24:MI:SS'), TO_DATE('2016-05-02 04:11:09','YYYY-MM-DD HH24:MI:SS'), 'Tracy Kulas');
INSERT INTO "USERS" ("ID", "EMAIL", "ENCRYPTED_PASSWORD", "RESET_PASSWORD_TOKEN", "RESET_PASSWORD_SENT_AT", "REMEMBER_CREATED_AT", "SIGN_IN_COUNT", "CURRENT_SIGN_IN_AT", "LAST_SIGN_IN_AT", "CURRENT_SIGN_IN_IP", "LAST_SIGN_IN_IP", "CREATED_AT", "UPDATED_AT", "NAME") VALUES(10002, 'jettie@batz.net', '$2a$10$kTXV1PJjRFcWAbUGXmFXVe4sF12hfqRsRZoRprJwF7TKeFSf8WY0W', NULL, NULL, NULL, 0, NULL, NULL, NULL, NULL, TO_DATE('2016-05-02 04:11:09','YYYY-MM-DD HH24:MI:SS'), TO_DATE('2016-05-02 04:11:09','YYYY-MM-DD HH24:MI:SS'), 'Barbara Stamm');
INSERT INTO "USERS" ("ID", "EMAIL", "ENCRYPTED_PASSWORD", "RESET_PASSWORD_TOKEN", "RESET_PASSWORD_SENT_AT", "REMEMBER_CREATED_AT", "SIGN_IN_COUNT", "CURRENT_SIGN_IN_AT", "LAST_SIGN_IN_AT", "CURRENT_SIGN_IN_IP", "LAST_SIGN_IN_IP", "CREATED_AT", "UPDATED_AT", "NAME") VALUES(10003, 'evangeline_murazik@wintheiseroconnell.info', '$2a$10$9tdy9qgkorroujiR0FQXIeeWvTywmoRGEzKd1.5wPbahtQXtxZLg2', NULL, NULL, NULL, 0, NULL, NULL, NULL, NULL, TO_DATE('2016-05-02 04:11:09','YYYY-MM-DD HH24:MI:SS'), TO_DATE('2016-05-02 04:11:09','YYYY-MM-DD HH24:MI:SS'), 'Charles Batz');
INSERT INTO "USERS" ("ID", "EMAIL", "ENCRYPTED_PASSWORD", "RESET_PASSWORD_TOKEN", "RESET_PASSWORD_SENT_AT", "REMEMBER_CREATED_AT", "SIGN_IN_COUNT", "CURRENT_SIGN_IN_AT", "LAST_SIGN_IN_AT", "CURRENT_SIGN_IN_IP", "LAST_SIGN_IN_IP", "CREATED_AT", "UPDATED_AT", "NAME") VALUES(10004, 'shakira@stehr.co', '$2a$10$RxhnZXsggYS4U6GZegyWgexN/txu91WLw/9wtiW4sXG.MisRTl.NG', NULL, NULL, NULL, 0, NULL, NULL, NULL, NULL, TO_DATE('2016-05-02 04:11:09','YYYY-MM-DD HH24:MI:SS'), TO_DATE('2016-05-02 04:11:09','YYYY-MM-DD HH24:MI:SS'), 'Jamil Runte');
INSERT INTO "USERS" ("ID", "EMAIL", "ENCRYPTED_PASSWORD", "RESET_PASSWORD_TOKEN", "RESET_PASSWORD_SENT_AT", "REMEMBER_CREATED_AT", "SIGN_IN_COUNT", "CURRENT_SIGN_IN_AT", "LAST_SIGN_IN_AT", "CURRENT_SIGN_IN_IP", "LAST_SIGN_IN_IP", "CREATED_AT", "UPDATED_AT", "NAME") VALUES(10005, 'novella@reichel.com', '$2a$10$/8pKoWh99NUU6zmwRYmsnuyO4WbBXms2zMlqkshZu6lpCNx0CRJ2C', NULL, NULL, NULL, 0, NULL, NULL, NULL, NULL, TO_DATE('2016-05-02 04:11:09','YYYY-MM-DD HH24:MI:SS'), TO_DATE('2016-05-02 04:11:09','YYYY-MM-DD HH24:MI:SS'), 'Amie Friesen III');
INSERT INTO "USERS" ("ID", "EMAIL", "ENCRYPTED_PASSWORD", "RESET_PASSWORD_TOKEN", "RESET_PASSWORD_SENT_AT", "REMEMBER_CREATED_AT", "SIGN_IN_COUNT", "CURRENT_SIGN_IN_AT", "LAST_SIGN_IN_AT", "CURRENT_SIGN_IN_IP", "LAST_SIGN_IN_IP", "CREATED_AT", "UPDATED_AT", "NAME") VALUES(10006, 'valentina_hintz@white.name', '$2a$10$82LW7QpD3exd4awcce/CIOYBhJ7.dhhb09VrnWp/nG2wWa0c/k6D.', NULL, NULL, NULL, 0, NULL, NULL, NULL, NULL, TO_DATE('2016-05-02 04:11:09','YYYY-MM-DD HH24:MI:SS'), TO_DATE('2016-05-02 04:11:09','YYYY-MM-DD HH24:MI:SS'), 'Leanne Murphy');
INSERT INTO "USERS" ("ID", "EMAIL", "ENCRYPTED_PASSWORD", "RESET_PASSWORD_TOKEN", "RESET_PASSWORD_SENT_AT", "REMEMBER_CREATED_AT", "SIGN_IN_COUNT", "CURRENT_SIGN_IN_AT", "LAST_SIGN_IN_AT", "CURRENT_SIGN_IN_IP", "LAST_SIGN_IN_IP", "CREATED_AT", "UPDATED_AT", "NAME") VALUES(10007, 'vallie_wilderman@spencer.net', '$2a$10$8EFLymenRbSGLEttIMTi/uhFVUD5D7Jnt1rQ7/n8U9btIdWau5Dda', NULL, NULL, NULL, 0, NULL, NULL, NULL, NULL, TO_DATE('2016-05-02 04:11:09','YYYY-MM-DD HH24:MI:SS'), TO_DATE('2016-05-02 04:11:09','YYYY-MM-DD HH24:MI:SS'), 'Donny Beer');
INSERT INTO "USERS" ("ID", "EMAIL", "ENCRYPTED_PASSWORD", "RESET_PASSWORD_TOKEN", "RESET_PASSWORD_SENT_AT", "REMEMBER_CREATED_AT", "SIGN_IN_COUNT", "CURRENT_SIGN_IN_AT", "LAST_SIGN_IN_AT", "CURRENT_SIGN_IN_IP", "LAST_SIGN_IN_IP", "CREATED_AT", "UPDATED_AT", "NAME") VALUES(10008, 'dangelo.becker@olsonmcdermott.io', '$2a$10$3t6Af6va6BTlaXOYvI0r4.NgwwNdakMSerbhSLnrbocWnHzHDuoWu', NULL, NULL, NULL, 0, NULL, NULL, NULL, NULL, TO_DATE('2016-05-02 04:11:10','YYYY-MM-DD HH24:MI:SS'), TO_DATE('2016-05-02 04:11:10','YYYY-MM-DD HH24:MI:SS'), 'Benjamin Willms');
INSERT INTO "USERS" ("ID", "EMAIL", "ENCRYPTED_PASSWORD", "RESET_PASSWORD_TOKEN", "RESET_PASSWORD_SENT_AT", "REMEMBER_CREATED_AT", "SIGN_IN_COUNT", "CURRENT_SIGN_IN_AT", "LAST_SIGN_IN_AT", "CURRENT_SIGN_IN_IP", "LAST_SIGN_IN_IP", "CREATED_AT", "UPDATED_AT", "NAME") VALUES(10009, 'rhoda_schoen@mcdermott.name', '$2a$10$euwIHimEGslUq8pnq7oSeO/RLnXIqhIzFHVNd0cZRW4cATgOJZ5nG', NULL, NULL, NULL, 0, NULL, NULL, NULL, NULL, TO_DATE('2016-05-02 04:11:10','YYYY-MM-DD HH24:MI:SS'), TO_DATE('2016-05-02 04:11:10','YYYY-MM-DD HH24:MI:SS'), 'Robin Mante');

INSERT INTO "CARDS" ("ID", "USER_ID", "CVV", "EXPIRATION_DATE", "CARD_NUMBER", "CREATED_AT", "UPDATED_AT") VALUES(10000, 10000, '123', '09/18', '1228-1221-1221-1431', TO_DATE('2016-05-02 04:11:09','YYYY-MM-DD HH24:MI:SS'), TO_DATE('2016-05-02 04:11:09','YYYY-MM-DD HH24:MI:SS'));
INSERT INTO "CARDS" ("ID", "USER_ID", "CVV", "EXPIRATION_DATE", "CARD_NUMBER", "CREATED_AT", "UPDATED_AT") VALUES(10001, 10001, '123', '09/18', '1211-1221-1234-2201', TO_DATE('2016-05-02 04:11:09','YYYY-MM-DD HH24:MI:SS'), TO_DATE('2016-05-02 04:11:09','YYYY-MM-DD HH24:MI:SS'));
INSERT INTO "CARDS" ("ID", "USER_ID", "CVV", "EXPIRATION_DATE", "CARD_NUMBER", "CREATED_AT", "UPDATED_AT") VALUES(10002, 10002, '123', '09/18', '1228-1221-1221-1431', TO_DATE('2016-05-02 04:11:09','YYYY-MM-DD HH24:MI:SS'), TO_DATE('2016-05-02 04:11:09','YYYY-MM-DD HH24:MI:SS'));
INSERT INTO "CARDS" ("ID", "USER_ID", "CVV", "EXPIRATION_DATE", "CARD_NUMBER", "CREATED_AT", "UPDATED_AT") VALUES(10003, 10003, '123', '09/18', '1211-1221-1234-2201', TO_DATE('2016-05-02 04:11:09','YYYY-MM-DD HH24:MI:SS'), TO_DATE('2016-05-02 04:11:09','YYYY-MM-DD HH24:MI:SS'));
INSERT INTO "CARDS" ("ID", "USER_ID", "CVV", "EXPIRATION_DATE", "CARD_NUMBER", "CREATED_AT", "UPDATED_AT") VALUES(10004, 10004, '123', '09/18', '1234-2121-1221-1211', TO_DATE('2016-05-02 04:11:09','YYYY-MM-DD HH24:MI:SS'), TO_DATE('2016-05-02 04:11:09','YYYY-MM-DD HH24:MI:SS'));
INSERT INTO "CARDS" ("ID", "USER_ID", "CVV", "EXPIRATION_DATE", "CARD_NUMBER", "CREATED_AT", "UPDATED_AT") VALUES(10005, 10005, '123', '09/18', '1211-1221-1234-2201', TO_DATE('2016-05-02 04:11:09','YYYY-MM-DD HH24:MI:SS'), TO_DATE('2016-05-02 04:11:09','YYYY-MM-DD HH24:MI:SS'));
INSERT INTO "CARDS" ("ID", "USER_ID", "CVV", "EXPIRATION_DATE", "CARD_NUMBER", "CREATED_AT", "UPDATED_AT") VALUES(10006, 10006, '123', '09/18', '1211-1221-1234-2201', TO_DATE('2016-05-02 04:11:09','YYYY-MM-DD HH24:MI:SS'), TO_DATE('2016-05-02 04:11:09','YYYY-MM-DD HH24:MI:SS'));
INSERT INTO "CARDS" ("ID", "USER_ID", "CVV", "EXPIRATION_DATE", "CARD_NUMBER", "CREATED_AT", "UPDATED_AT") VALUES(10007, 10007, '123', '09/18', '1234-2121-1221-1211', TO_DATE('2016-05-02 04:11:09','YYYY-MM-DD HH24:MI:SS'), TO_DATE('2016-05-02 04:11:09','YYYY-MM-DD HH24:MI:SS'));
INSERT INTO "CARDS" ("ID", "USER_ID", "CVV", "EXPIRATION_DATE", "CARD_NUMBER", "CREATED_AT", "UPDATED_AT") VALUES(10008, 10008, '123', '09/18', '1234-2121-1221-1211', TO_DATE('2016-05-02 04:11:10','YYYY-MM-DD HH24:MI:SS'), TO_DATE('2016-05-02 04:11:10','YYYY-MM-DD HH24:MI:SS'));
INSERT INTO "CARDS" ("ID", "USER_ID", "CVV", "EXPIRATION_DATE", "CARD_NUMBER", "CREATED_AT", "UPDATED_AT") VALUES(10009, 10009, '123', '09/18', '1211-1221-1234-2201', TO_DATE('2016-05-02 04:11:10','YYYY-MM-DD HH24:MI:SS'), TO_DATE('2016-05-02 04:11:10','YYYY-MM-DD HH24:MI:SS'));

INSERT INTO "PAYMENTS" ("ID", "USER_ID", "MONTH_REFERENCE", "PAYMENT_DATE", "PAYMENT_TYPE", "COST", "CREATED_AT", "UPDATED_AT") VALUES(10022, 10002, TO_DATE('2016-05-04 23:12:34','YYYY-MM-DD HH24:MI:SS'), TO_DATE('2016-05-05 16:11:53','YYYY-MM-DD HH24:MI:SS'), 1, 9.989999771118164, TO_DATE('2016-05-02 04:20:40','YYYY-MM-DD HH24:MI:SS'), TO_DATE('2016-05-02 04:20:40','YYYY-MM-DD HH24:MI:SS'));
INSERT INTO "PAYMENTS" ("ID", "USER_ID", "MONTH_REFERENCE", "PAYMENT_DATE", "PAYMENT_TYPE", "COST", "CREATED_AT", "UPDATED_AT") VALUES(10023, 10003, TO_DATE('2016-04-03 08:00:17','YYYY-MM-DD HH24:MI:SS'), TO_DATE('2016-05-02 08:17:54','YYYY-MM-DD HH24:MI:SS'), 1, 9.989999771118164, TO_DATE('2016-05-02 04:20:40','YYYY-MM-DD HH24:MI:SS'), TO_DATE('2016-05-02 04:20:40','YYYY-MM-DD HH24:MI:SS'));
INSERT INTO "PAYMENTS" ("ID", "USER_ID", "MONTH_REFERENCE", "PAYMENT_DATE", "PAYMENT_TYPE", "COST", "CREATED_AT", "UPDATED_AT") VALUES(10024, 10004, TO_DATE('2016-04-03 17:37:41','YYYY-MM-DD HH24:MI:SS'), TO_DATE('2016-05-04 01:10:00','YYYY-MM-DD HH24:MI:SS'), 1, 9.989999771118164, TO_DATE('2016-05-02 04:20:40','YYYY-MM-DD HH24:MI:SS'), TO_DATE('2016-05-02 04:20:40','YYYY-MM-DD HH24:MI:SS'));
INSERT INTO "PAYMENTS" ("ID", "USER_ID", "MONTH_REFERENCE", "PAYMENT_DATE", "PAYMENT_TYPE", "COST", "CREATED_AT", "UPDATED_AT") VALUES(10025, 10005, TO_DATE('2016-04-04 18:51:47','YYYY-MM-DD HH24:MI:SS'), TO_DATE('2016-05-06 15:51:28','YYYY-MM-DD HH24:MI:SS'), 1, 9.989999771118164, TO_DATE('2016-05-02 04:20:40','YYYY-MM-DD HH24:MI:SS'), TO_DATE('2016-05-02 04:20:40','YYYY-MM-DD HH24:MI:SS'));
INSERT INTO "PAYMENTS" ("ID", "USER_ID", "MONTH_REFERENCE", "PAYMENT_DATE", "PAYMENT_TYPE", "COST", "CREATED_AT", "UPDATED_AT") VALUES(10026, 10006, TO_DATE('2016-05-01 09:46:09','YYYY-MM-DD HH24:MI:SS'), TO_DATE('2016-05-07 01:06:05','YYYY-MM-DD HH24:MI:SS'), 1, 9.989999771118164, TO_DATE('2016-05-02 04:20:40','YYYY-MM-DD HH24:MI:SS'), TO_DATE('2016-05-02 04:20:40','YYYY-MM-DD HH24:MI:SS'));
INSERT INTO "PAYMENTS" ("ID", "USER_ID", "MONTH_REFERENCE", "PAYMENT_DATE", "PAYMENT_TYPE", "COST", "CREATED_AT", "UPDATED_AT") VALUES(10027, 10007, TO_DATE('2016-05-01 22:58:48','YYYY-MM-DD HH24:MI:SS'), TO_DATE('2016-05-03 14:47:30','YYYY-MM-DD HH24:MI:SS'), 1, 9.989999771118164, TO_DATE('2016-05-02 04:20:40','YYYY-MM-DD HH24:MI:SS'), TO_DATE('2016-05-02 04:20:40','YYYY-MM-DD HH24:MI:SS'));
INSERT INTO "PAYMENTS" ("ID", "USER_ID", "MONTH_REFERENCE", "PAYMENT_DATE", "PAYMENT_TYPE", "COST", "CREATED_AT", "UPDATED_AT") VALUES(10028, 10008, TO_DATE('2016-05-02 01:42:48','YYYY-MM-DD HH24:MI:SS'), TO_DATE('2016-05-05 12:33:13','YYYY-MM-DD HH24:MI:SS'), 1, 9.989999771118164, TO_DATE('2016-05-02 04:20:40','YYYY-MM-DD HH24:MI:SS'), TO_DATE('2016-05-02 04:20:40','YYYY-MM-DD HH24:MI:SS'));
INSERT INTO "PAYMENTS" ("ID", "USER_ID", "MONTH_REFERENCE", "PAYMENT_DATE", "PAYMENT_TYPE", "COST", "CREATED_AT", "UPDATED_AT") VALUES(10029, 10009, TO_DATE('2016-03-04 16:52:53','YYYY-MM-DD HH24:MI:SS'), TO_DATE('2016-05-03 04:43:00','YYYY-MM-DD HH24:MI:SS'), 1, 9.989999771118164, TO_DATE('2016-05-02 04:20:40','YYYY-MM-DD HH24:MI:SS'), TO_DATE('2016-05-02 04:20:40','YYYY-MM-DD HH24:MI:SS'));
INSERT INTO "PAYMENTS" ("ID", "USER_ID", "MONTH_REFERENCE", "PAYMENT_DATE", "PAYMENT_TYPE", "COST", "CREATED_AT", "UPDATED_AT") VALUES(10020, 10000, TO_DATE('2016-05-04 22:39:42','YYYY-MM-DD HH24:MI:SS'), TO_DATE('2016-05-03 11:19:18','YYYY-MM-DD HH24:MI:SS'), 1, 9.989999771118164, TO_DATE('2016-05-02 04:20:40','YYYY-MM-DD HH24:MI:SS'), TO_DATE('2016-05-02 04:20:40','YYYY-MM-DD HH24:MI:SS'));
INSERT INTO "PAYMENTS" ("ID", "USER_ID", "MONTH_REFERENCE", "PAYMENT_DATE", "PAYMENT_TYPE", "COST", "CREATED_AT", "UPDATED_AT") VALUES(10021, 10001, TO_DATE('2016-05-03 11:15:48','YYYY-MM-DD HH24:MI:SS'), TO_DATE('2016-05-05 15:08:42','YYYY-MM-DD HH24:MI:SS'), 1, 9.989999771118164, TO_DATE('2016-05-02 04:20:40','YYYY-MM-DD HH24:MI:SS'), TO_DATE('2016-05-02 04:20:40','YYYY-MM-DD HH24:MI:SS'));

INSERT INTO "USER_EVENTS" ("USER_ID", "EVENT_ID", "TIMESTAMP", "CREATED_AT", "UPDATED_AT") VALUES(10000, 10005, NULL, TO_DATE('2016-05-02 04:24:32','YYYY-MM-DD HH24:MI:SS'), TO_DATE('2016-05-02 04:24:32','YYYY-MM-DD HH24:MI:SS'));
INSERT INTO "USER_EVENTS" ("USER_ID", "EVENT_ID", "TIMESTAMP", "CREATED_AT", "UPDATED_AT") VALUES(10001, 10005, NULL, TO_DATE('2016-05-02 04:24:32','YYYY-MM-DD HH24:MI:SS'), TO_DATE('2016-05-02 04:24:32','YYYY-MM-DD HH24:MI:SS'));
INSERT INTO "USER_EVENTS" ("USER_ID", "EVENT_ID", "TIMESTAMP", "CREATED_AT", "UPDATED_AT") VALUES(10002, 10005, NULL, TO_DATE('2016-05-02 04:24:32','YYYY-MM-DD HH24:MI:SS'), TO_DATE('2016-05-02 04:24:32','YYYY-MM-DD HH24:MI:SS'));
INSERT INTO "USER_EVENTS" ("USER_ID", "EVENT_ID", "TIMESTAMP", "CREATED_AT", "UPDATED_AT") VALUES(10003, 10005, NULL, TO_DATE('2016-05-02 04:24:32','YYYY-MM-DD HH24:MI:SS'), TO_DATE('2016-05-02 04:24:32','YYYY-MM-DD HH24:MI:SS'));
INSERT INTO "USER_EVENTS" ("USER_ID", "EVENT_ID", "TIMESTAMP", "CREATED_AT", "UPDATED_AT") VALUES(10004, 10005, NULL, TO_DATE('2016-05-02 04:24:32','YYYY-MM-DD HH24:MI:SS'), TO_DATE('2016-05-02 04:24:32','YYYY-MM-DD HH24:MI:SS'));
INSERT INTO "USER_EVENTS" ("USER_ID", "EVENT_ID", "TIMESTAMP", "CREATED_AT", "UPDATED_AT") VALUES(10005, 10005, NULL, TO_DATE('2016-05-02 04:24:32','YYYY-MM-DD HH24:MI:SS'), TO_DATE('2016-05-02 04:24:32','YYYY-MM-DD HH24:MI:SS'));
INSERT INTO "USER_EVENTS" ("USER_ID", "EVENT_ID", "TIMESTAMP", "CREATED_AT", "UPDATED_AT") VALUES(10006, 10005, NULL, TO_DATE('2016-05-02 04:24:32','YYYY-MM-DD HH24:MI:SS'), TO_DATE('2016-05-02 04:24:32','YYYY-MM-DD HH24:MI:SS'));
INSERT INTO "USER_EVENTS" ("USER_ID", "EVENT_ID", "TIMESTAMP", "CREATED_AT", "UPDATED_AT") VALUES(10007, 10005, NULL, TO_DATE('2016-05-02 04:24:33','YYYY-MM-DD HH24:MI:SS'), TO_DATE('2016-05-02 04:24:33','YYYY-MM-DD HH24:MI:SS'));
INSERT INTO "USER_EVENTS" ("USER_ID", "EVENT_ID", "TIMESTAMP", "CREATED_AT", "UPDATED_AT") VALUES(10008, 10005, NULL, TO_DATE('2016-05-02 04:24:33','YYYY-MM-DD HH24:MI:SS'), TO_DATE('2016-05-02 04:24:33','YYYY-MM-DD HH24:MI:SS'));
INSERT INTO "USER_EVENTS" ("USER_ID", "EVENT_ID", "TIMESTAMP", "CREATED_AT", "UPDATED_AT") VALUES(10009, 10005, NULL, TO_DATE('2016-05-02 04:24:33','YYYY-MM-DD HH24:MI:SS'), TO_DATE('2016-05-02 04:24:33','YYYY-MM-DD HH24:MI:SS'));
INSERT INTO "USER_EVENTS" ("USER_ID", "EVENT_ID", "TIMESTAMP", "CREATED_AT", "UPDATED_AT") VALUES(10000, 10006, NULL, TO_DATE('2016-05-02 04:24:33','YYYY-MM-DD HH24:MI:SS'), TO_DATE('2016-05-02 04:24:33','YYYY-MM-DD HH24:MI:SS'));
INSERT INTO "USER_EVENTS" ("USER_ID", "EVENT_ID", "TIMESTAMP", "CREATED_AT", "UPDATED_AT") VALUES(10001, 10006, NULL, TO_DATE('2016-05-02 04:24:33','YYYY-MM-DD HH24:MI:SS'), TO_DATE('2016-05-02 04:24:33','YYYY-MM-DD HH24:MI:SS'));
INSERT INTO "USER_EVENTS" ("USER_ID", "EVENT_ID", "TIMESTAMP", "CREATED_AT", "UPDATED_AT") VALUES(10002, 10006, NULL, TO_DATE('2016-05-02 04:24:33','YYYY-MM-DD HH24:MI:SS'), TO_DATE('2016-05-02 04:24:33','YYYY-MM-DD HH24:MI:SS'));
INSERT INTO "USER_EVENTS" ("USER_ID", "EVENT_ID", "TIMESTAMP", "CREATED_AT", "UPDATED_AT") VALUES(10003, 10006, NULL, TO_DATE('2016-05-02 04:24:33','YYYY-MM-DD HH24:MI:SS'), TO_DATE('2016-05-02 04:24:33','YYYY-MM-DD HH24:MI:SS'));
INSERT INTO "USER_EVENTS" ("USER_ID", "EVENT_ID", "TIMESTAMP", "CREATED_AT", "UPDATED_AT") VALUES(10004, 10006, NULL, TO_DATE('2016-05-02 04:24:33','YYYY-MM-DD HH24:MI:SS'), TO_DATE('2016-05-02 04:24:33','YYYY-MM-DD HH24:MI:SS'));
INSERT INTO "USER_EVENTS" ("USER_ID", "EVENT_ID", "TIMESTAMP", "CREATED_AT", "UPDATED_AT") VALUES(10005, 10006, NULL, TO_DATE('2016-05-02 04:24:33','YYYY-MM-DD HH24:MI:SS'), TO_DATE('2016-05-02 04:24:33','YYYY-MM-DD HH24:MI:SS'));
INSERT INTO "USER_EVENTS" ("USER_ID", "EVENT_ID", "TIMESTAMP", "CREATED_AT", "UPDATED_AT") VALUES(10006, 10006, NULL, TO_DATE('2016-05-02 04:24:33','YYYY-MM-DD HH24:MI:SS'), TO_DATE('2016-05-02 04:24:33','YYYY-MM-DD HH24:MI:SS'));
INSERT INTO "USER_EVENTS" ("USER_ID", "EVENT_ID", "TIMESTAMP", "CREATED_AT", "UPDATED_AT") VALUES(10007, 10006, NULL, TO_DATE('2016-05-02 04:24:33','YYYY-MM-DD HH24:MI:SS'), TO_DATE('2016-05-02 04:24:33','YYYY-MM-DD HH24:MI:SS'));
INSERT INTO "USER_EVENTS" ("USER_ID", "EVENT_ID", "TIMESTAMP", "CREATED_AT", "UPDATED_AT") VALUES(10008, 10006, NULL, TO_DATE('2016-05-02 04:24:33','YYYY-MM-DD HH24:MI:SS'), TO_DATE('2016-05-02 04:24:33','YYYY-MM-DD HH24:MI:SS'));
INSERT INTO "USER_EVENTS" ("USER_ID", "EVENT_ID", "TIMESTAMP", "CREATED_AT", "UPDATED_AT") VALUES(10009, 10006, NULL, TO_DATE('2016-05-02 04:24:33','YYYY-MM-DD HH24:MI:SS'), TO_DATE('2016-05-02 04:24:33','YYYY-MM-DD HH24:MI:SS'));
